instance,instance_id,n,error,algo,time_ms,peak_mb,gap,trial
sorting_near_sorted_1.json,sorting_near_sorted_1,1000,0.02,A,4.6162999933585525,0.03401947021484375,0.0,1
sorting_near_sorted_1.json,sorting_near_sorted_1,1000,0.02,A,5.233900039456785,0.03401947021484375,0.0,2
sorting_near_sorted_1.json,sorting_near_sorted_1,1000,0.02,A,5.01069996971637,0.03401947021484375,0.0,3
sorting_near_sorted_1.json,sorting_near_sorted_1,1000,0.02,A,4.530299920588732,0.03372955322265625,0.0,4
sorting_near_sorted_1.json,sorting_near_sorted_1,1000,0.02,A,4.649899899959564,0.03401947021484375,0.0,5
sorting_near_sorted_1.json,sorting_near_sorted_1,1000,0.02,A,4.532600054517388,0.03401947021484375,0.0,6
sorting_near_sorted_1.json,sorting_near_sorted_1,1000,0.02,A,4.729399923235178,0.03401947021484375,0.0,7
sorting_near_sorted_1.json,sorting_near_sorted_1,1000,0.02,A,4.801600007340312,0.03401947021484375,0.0,8
sorting_near_sorted_1.json,sorting_near_sorted_1,1000,0.02,A,4.535000072792172,0.03401947021484375,0.0,9
sorting_near_sorted_1.json,sorting_near_sorted_1,1000,0.02,A,4.54710004851222,0.03401947021484375,0.0,10
sorting_near_sorted_1.json,sorting_near_sorted_1,1000,0.02,B,6.952599971555173,0.02825164794921875,0.0,1
sorting_near_sorted_1.json,sorting_near_sorted_1,1000,0.02,B,7.302000070922077,0.02825164794921875,0.0,2
sorting_near_sorted_1.json,sorting_near_sorted_1,1000,0.02,B,7.082800031639636,0.02825164794921875,0.0,3
sorting_near_sorted_1.json,sorting_near_sorted_1,1000,0.02,B,6.818800000473857,0.02825164794921875,0.0,4
sorting_near_sorted_1.json,sorting_near_sorted_1,1000,0.02,B,6.931400042958558,0.02825164794921875,0.0,5
sorting_near_sorted_1.json,sorting_near_sorted_1,1000,0.02,B,6.884500035084784,0.02825164794921875,0.0,6
sorting_near_sorted_1.json,sorting_near_sorted_1,1000,0.02,B,7.074299966916442,0.02825164794921875,0.0,7
sorting_near_sorted_1.json,sorting_near_sorted_1,1000,0.02,B,14.662100002169609,0.02825164794921875,0.0,8
sorting_near_sorted_1.json,sorting_near_sorted_1,1000,0.02,B,6.914300029166043,0.02825164794921875,0.0,9
sorting_near_sorted_1.json,sorting_near_sorted_1,1000,0.02,B,7.144699920900166,0.02825164794921875,0.0,10
sorting_near_sorted_1.json,sorting_near_sorted_1,1000,0.02,C,1.7396999755874276,0.007839202880859375,0.0,1
sorting_near_sorted_1.json,sorting_near_sorted_1,1000,0.02,C,1.790400012396276,0.007839202880859375,0.0,2
sorting_near_sorted_1.json,sorting_near_sorted_1,1000,0.02,C,1.8095000414177775,0.007839202880859375,0.0,3
sorting_near_sorted_1.json,sorting_near_sorted_1,1000,0.02,C,1.716800034046173,0.007839202880859375,0.0,4
sorting_near_sorted_1.json,sorting_near_sorted_1,1000,0.02,C,1.7513999482616782,0.007839202880859375,0.0,5
sorting_near_sorted_1.json,sorting_near_sorted_1,1000,0.02,C,1.7167000332847238,0.007839202880859375,0.0,6
sorting_near_sorted_1.json,sorting_near_sorted_1,1000,0.02,C,1.7229999648407102,0.007839202880859375,0.0,7
sorting_near_sorted_1.json,sorting_near_sorted_1,1000,0.02,C,1.8506000051274896,0.007839202880859375,0.0,8
sorting_near_sorted_1.json,sorting_near_sorted_1,1000,0.02,C,1.8617999739944935,0.007839202880859375,0.0,9
sorting_near_sorted_1.json,sorting_near_sorted_1,1000,0.02,C,1.8090000376105309,0.007839202880859375,0.0,10
sorting_near_sorted_10.json,sorting_near_sorted_10,100000,0.02,A,592.4107999308035,3.201690673828125,0.0,1
sorting_near_sorted_10.json,sorting_near_sorted_10,100000,0.02,A,581.2463000183925,3.201690673828125,0.0,2
sorting_near_sorted_10.json,sorting_near_sorted_10,100000,0.02,A,585.1755000185221,3.201690673828125,0.0,3
sorting_near_sorted_10.json,sorting_near_sorted_10,100000,0.02,A,574.0694000851363,3.201690673828125,0.0,4
sorting_near_sorted_10.json,sorting_near_sorted_10,100000,0.02,A,580.6529999244958,3.201690673828125,0.0,5
sorting_near_sorted_10.json,sorting_near_sorted_10,100000,0.02,A,581.937599927187,3.201690673828125,0.0,6
sorting_near_sorted_10.json,sorting_near_sorted_10,100000,0.02,A,576.0994999436662,3.201690673828125,0.0,7
sorting_near_sorted_10.json,sorting_near_sorted_10,100000,0.02,A,577.9153000330552,3.201690673828125,0.0,8
sorting_near_sorted_10.json,sorting_near_sorted_10,100000,0.02,A,578.8190000457689,3.201690673828125,0.0,9
sorting_near_sorted_10.json,sorting_near_sorted_10,100000,0.02,A,589.1994000412524,3.201690673828125,0.0,10
sorting_near_sorted_10.json,sorting_near_sorted_10,100000,0.02,B,1709.5674999291077,2.67364501953125,0.0,1
sorting_near_sorted_10.json,sorting_near_sorted_10,100000,0.02,B,1728.0104999663308,2.6725845336914062,0.0,2
sorting_near_sorted_10.json,sorting_near_sorted_10,100000,0.02,B,1696.1494999704883,2.6725845336914062,0.0,3
sorting_near_sorted_10.json,sorting_near_sorted_10,100000,0.02,B,1698.3871000120416,2.6725845336914062,0.0,4
sorting_near_sorted_10.json,sorting_near_sorted_10,100000,0.02,B,1722.8372000390664,2.6725845336914062,0.0,5
sorting_near_sorted_10.json,sorting_near_sorted_10,100000,0.02,B,1701.7505000112578,2.67364501953125,0.0,6
sorting_near_sorted_10.json,sorting_near_sorted_10,100000,0.02,B,1694.9834000552073,2.6725845336914062,0.0,7
sorting_near_sorted_10.json,sorting_near_sorted_10,100000,0.02,B,1722.0536000095308,2.6725845336914062,0.0,8
sorting_near_sorted_10.json,sorting_near_sorted_10,100000,0.02,B,1705.8087999466807,2.6725845336914062,0.0,9
sorting_near_sorted_10.json,sorting_near_sorted_10,100000,0.02,B,1718.3114000363275,2.6725845336914062,0.0,10
sorting_near_sorted_10.json,sorting_near_sorted_10,100000,0.02,C,227.14990004897118,0.7631492614746094,0.0,1
sorting_near_sorted_10.json,sorting_near_sorted_10,100000,0.02,C,227.77349990792572,0.7631492614746094,0.0,2
sorting_near_sorted_10.json,sorting_near_sorted_10,100000,0.02,C,224.4459999492392,0.7631492614746094,0.0,3
sorting_near_sorted_10.json,sorting_near_sorted_10,100000,0.02,C,227.1654000505805,0.7631492614746094,0.0,4
sorting_near_sorted_10.json,sorting_near_sorted_10,100000,0.02,C,227.25400002673268,0.7641830444335938,0.0,5
sorting_near_sorted_10.json,sorting_near_sorted_10,100000,0.02,C,228.73339999932796,0.7631492614746094,0.0,6
sorting_near_sorted_10.json,sorting_near_sorted_10,100000,0.02,C,224.03489996213466,0.7631492614746094,0.0,7
sorting_near_sorted_10.json,sorting_near_sorted_10,100000,0.02,C,227.67200006637722,0.7631492614746094,0.0,8
sorting_near_sorted_10.json,sorting_near_sorted_10,100000,0.02,C,242.50769999343902,0.7631492614746094,0.0,9
sorting_near_sorted_10.json,sorting_near_sorted_10,100000,0.02,C,227.25889994762838,0.7631492614746094,0.0,10
sorting_near_sorted_11.json,sorting_near_sorted_11,100000,0.05,A,572.9933000402525,3.2017440795898438,0.0,1
sorting_near_sorted_11.json,sorting_near_sorted_11,100000,0.05,A,575.9183999616653,3.2017440795898438,0.0,2
sorting_near_sorted_11.json,sorting_near_sorted_11,100000,0.05,A,577.1275999723002,3.2017440795898438,0.0,3
sorting_near_sorted_11.json,sorting_near_sorted_11,100000,0.05,A,572.0789999468252,3.2017440795898438,0.0,4
sorting_near_sorted_11.json,sorting_near_sorted_11,100000,0.05,A,576.0461000027135,3.2017440795898438,0.0,5
sorting_near_sorted_11.json,sorting_near_sorted_11,100000,0.05,A,578.5295999376103,3.2017440795898438,0.0,6
sorting_near_sorted_11.json,sorting_near_sorted_11,100000,0.05,A,573.4351000282913,3.2017440795898438,0.0,7
sorting_near_sorted_11.json,sorting_near_sorted_11,100000,0.05,A,570.1088999630883,3.2017440795898438,0.0,8
sorting_near_sorted_11.json,sorting_near_sorted_11,100000,0.05,A,564.278700039722,3.2017440795898438,0.0,9
sorting_near_sorted_11.json,sorting_near_sorted_11,100000,0.05,A,569.3949999986216,3.2017440795898438,0.0,10
sorting_near_sorted_11.json,sorting_near_sorted_11,100000,0.05,B,1692.7580999908969,2.6737899780273438,0.0,1
sorting_near_sorted_11.json,sorting_near_sorted_11,100000,0.05,B,1684.8283000290394,2.672576904296875,0.0,2
sorting_near_sorted_11.json,sorting_near_sorted_11,100000,0.05,B,1746.7428999952972,2.672576904296875,0.0,3
sorting_near_sorted_11.json,sorting_near_sorted_11,100000,0.05,B,1775.3587999613956,2.672576904296875,0.0,4
sorting_near_sorted_11.json,sorting_near_sorted_11,100000,0.05,B,1767.0853999443352,2.672576904296875,0.0,5
sorting_near_sorted_11.json,sorting_near_sorted_11,100000,0.05,B,1727.0715000340715,2.6736907958984375,0.0,6
sorting_near_sorted_11.json,sorting_near_sorted_11,100000,0.05,B,1715.451299911365,2.672576904296875,0.0,7
sorting_near_sorted_11.json,sorting_near_sorted_11,100000,0.05,B,1702.2776000667363,2.672576904296875,0.0,8
sorting_near_sorted_11.json,sorting_near_sorted_11,100000,0.05,B,1701.5456999652088,2.672576904296875,0.0,9
sorting_near_sorted_11.json,sorting_near_sorted_11,100000,0.05,B,1700.2288999501616,2.672576904296875,0.0,10
sorting_near_sorted_11.json,sorting_near_sorted_11,100000,0.05,C,243.6199999647215,0.7631492614746094,0.0,1
sorting_near_sorted_11.json,sorting_near_sorted_11,100000,0.05,C,245.51099992822856,0.7631492614746094,0.0,2
sorting_near_sorted_11.json,sorting_near_sorted_11,100000,0.05,C,244.46920002810657,0.7631492614746094,0.0,3
sorting_near_sorted_11.json,sorting_near_sorted_11,100000,0.05,C,247.1450000302866,0.7631492614746094,0.0,4
sorting_near_sorted_11.json,sorting_near_sorted_11,100000,0.05,C,243.23859997093678,0.7631492614746094,0.0,5
sorting_near_sorted_11.json,sorting_near_sorted_11,100000,0.05,C,246.12690007779747,0.7631492614746094,0.0,6
sorting_near_sorted_11.json,sorting_near_sorted_11,100000,0.05,C,249.48640004731715,0.7641754150390625,0.0,7
sorting_near_sorted_11.json,sorting_near_sorted_11,100000,0.05,C,245.86659995839,0.7631492614746094,0.0,8
sorting_near_sorted_11.json,sorting_near_sorted_11,100000,0.05,C,244.70520007889718,0.7631492614746094,0.0,9
sorting_near_sorted_11.json,sorting_near_sorted_11,100000,0.05,C,246.04989995714277,0.7631492614746094,0.0,10
sorting_near_sorted_12.json,sorting_near_sorted_12,100000,0.1,A,570.9030000725761,3.2019577026367188,0.0,1
sorting_near_sorted_12.json,sorting_near_sorted_12,100000,0.1,A,591.6108000092208,3.2019577026367188,0.0,2
sorting_near_sorted_12.json,sorting_near_sorted_12,100000,0.1,A,574.0841999650002,3.2019577026367188,0.0,3
sorting_near_sorted_12.json,sorting_near_sorted_12,100000,0.1,A,583.8028000434861,3.2019577026367188,0.0,4
sorting_near_sorted_12.json,sorting_near_sorted_12,100000,0.1,A,587.4393000267446,3.2019577026367188,0.0,5
sorting_near_sorted_12.json,sorting_near_sorted_12,100000,0.1,A,589.5429999800399,3.2019577026367188,0.0,6
sorting_near_sorted_12.json,sorting_near_sorted_12,100000,0.1,A,585.7731000287458,3.2019577026367188,0.0,7
sorting_near_sorted_12.json,sorting_near_sorted_12,100000,0.1,A,589.2748000333086,3.2019577026367188,0.0,8
sorting_near_sorted_12.json,sorting_near_sorted_12,100000,0.1,A,593.5400000307709,3.2019577026367188,0.0,9
sorting_near_sorted_12.json,sorting_near_sorted_12,100000,0.1,A,581.8255000049248,3.2019577026367188,0.0,10
sorting_near_sorted_12.json,sorting_near_sorted_12,100000,0.1,B,1705.1932000322267,2.67364501953125,0.0,1
sorting_near_sorted_12.json,sorting_near_sorted_12,100000,0.1,B,1696.670399978757,2.6725845336914062,0.0,2
sorting_near_sorted_12.json,sorting_near_sorted_12,100000,0.1,B,1695.8948000101373,2.6725845336914062,0.0,3
sorting_near_sorted_12.json,sorting_near_sorted_12,100000,0.1,B,1696.6117999982089,2.6725845336914062,0.0,4
sorting_near_sorted_12.json,sorting_near_sorted_12,100000,0.1,B,1696.8363000778481,2.6725845336914062,0.0,5
sorting_near_sorted_12.json,sorting_near_sorted_12,100000,0.1,B,1701.7456999747083,2.6725845336914062,0.0,6
sorting_near_sorted_12.json,sorting_near_sorted_12,100000,0.1,B,1702.5119999889284,2.673797607421875,0.0,7
sorting_near_sorted_12.json,sorting_near_sorted_12,100000,0.1,B,1698.682300047949,2.6725845336914062,0.0,8
sorting_near_sorted_12.json,sorting_near_sorted_12,100000,0.1,B,1708.4333000238985,2.6725845336914062,0.0,9
sorting_near_sorted_12.json,sorting_near_sorted_12,100000,0.1,B,1697.0519999740645,2.6725845336914062,0.0,10
sorting_near_sorted_12.json,sorting_near_sorted_12,100000,0.1,C,273.2815999770537,0.7631492614746094,0.0,1
sorting_near_sorted_12.json,sorting_near_sorted_12,100000,0.1,C,273.77890003845096,0.7631492614746094,0.0,2
sorting_near_sorted_12.json,sorting_near_sorted_12,100000,0.1,C,272.53850002307445,0.7631492614746094,0.0,3
sorting_near_sorted_12.json,sorting_near_sorted_12,100000,0.1,C,275.79809993039817,0.7631492614746094,0.0,4
sorting_near_sorted_12.json,sorting_near_sorted_12,100000,0.1,C,278.9288000203669,0.7631492614746094,0.0,5
sorting_near_sorted_12.json,sorting_near_sorted_12,100000,0.1,C,274.7786999680102,0.7631492614746094,0.0,6
sorting_near_sorted_12.json,sorting_near_sorted_12,100000,0.1,C,279.0657998993993,0.764739990234375,0.0,7
sorting_near_sorted_12.json,sorting_near_sorted_12,100000,0.1,C,281.31959994789213,0.7631492614746094,0.0,8
sorting_near_sorted_12.json,sorting_near_sorted_12,100000,0.1,C,284.00139999575913,0.7631492614746094,0.0,9
sorting_near_sorted_12.json,sorting_near_sorted_12,100000,0.1,C,276.45100001245737,0.7631492614746094,0.0,10
sorting_near_sorted_13.json,sorting_near_sorted_13,500000,0.02,A,2814.1611999599263,15.605232238769531,0.0,1
sorting_near_sorted_13.json,sorting_near_sorted_13,500000,0.02,A,2702.155999955721,15.605232238769531,0.0,2
sorting_near_sorted_13.json,sorting_near_sorted_13,500000,0.02,A,2698.0988999130204,15.606292724609375,0.0,3
sorting_near_sorted_13.json,sorting_near_sorted_13,500000,0.02,A,2712.642000056803,15.605232238769531,0.0,4
sorting_near_sorted_13.json,sorting_near_sorted_13,500000,0.02,A,2702.1348000271246,15.605232238769531,0.0,5
sorting_near_sorted_13.json,sorting_near_sorted_13,500000,0.02,A,2748.253099969588,15.605232238769531,0.0,6
sorting_near_sorted_13.json,sorting_near_sorted_13,500000,0.02,A,2787.740800064057,15.604843139648438,0.0,7
sorting_near_sorted_13.json,sorting_near_sorted_13,500000,0.02,A,2698.7488999729976,15.605232238769531,0.0,8
sorting_near_sorted_13.json,sorting_near_sorted_13,500000,0.02,A,2692.329699988477,15.605232238769531,0.0,9
sorting_near_sorted_13.json,sorting_near_sorted_13,500000,0.02,A,2720.3175999457017,15.6064453125,0.0,10
sorting_near_sorted_13.json,sorting_near_sorted_13,500000,0.02,B,10148.62540003378,13.355010986328125,0.0,1
sorting_near_sorted_13.json,sorting_near_sorted_13,500000,0.02,B,10213.630800019018,13.355010986328125,0.0,2
sorting_near_sorted_13.json,sorting_near_sorted_13,500000,0.02,B,10120.009399950504,13.355010986328125,0.0,3
sorting_near_sorted_13.json,sorting_near_sorted_13,500000,0.02,B,9915.920899948105,13.35516357421875,0.0,4
sorting_near_sorted_13.json,sorting_near_sorted_13,500000,0.02,B,10010.962300002575,13.355010986328125,0.0,5
sorting_near_sorted_13.json,sorting_near_sorted_13,500000,0.02,B,10129.546500043944,13.355010986328125,0.0,6
sorting_near_sorted_13.json,sorting_near_sorted_13,500000,0.02,B,9930.618700105697,13.355010986328125,0.0,7
sorting_near_sorted_13.json,sorting_near_sorted_13,500000,0.02,B,10102.203399990685,13.35516357421875,0.0,8
sorting_near_sorted_13.json,sorting_near_sorted_13,500000,0.02,B,9968.131600064225,13.355010986328125,0.0,9
sorting_near_sorted_13.json,sorting_near_sorted_13,500000,0.02,B,10035.907000070438,13.355010986328125,0.0,10
sorting_near_sorted_13.json,sorting_near_sorted_13,500000,0.02,C,1123.9097999641672,3.8149070739746094,0.0,1
sorting_near_sorted_13.json,sorting_near_sorted_13,500000,0.02,C,1121.483499999158,3.8149070739746094,0.0,2
sorting_near_sorted_13.json,sorting_near_sorted_13,500000,0.02,C,1135.8878000173718,3.816497802734375,0.0,3
sorting_near_sorted_13.json,sorting_near_sorted_13,500000,0.02,C,1132.093399995938,3.8149070739746094,0.0,4
sorting_near_sorted_13.json,sorting_near_sorted_13,500000,0.02,C,1145.158400060609,3.8149070739746094,0.0,5
sorting_near_sorted_13.json,sorting_near_sorted_13,500000,0.02,C,1127.4277999764308,3.8149070739746094,0.0,6
sorting_near_sorted_13.json,sorting_near_sorted_13,500000,0.02,C,1127.6944000273943,3.8149070739746094,0.0,7
sorting_near_sorted_13.json,sorting_near_sorted_13,500000,0.02,C,1122.4345999071375,3.8149070739746094,0.0,8
sorting_near_sorted_13.json,sorting_near_sorted_13,500000,0.02,C,1136.2394000170752,3.8149070739746094,0.0,9
sorting_near_sorted_13.json,sorting_near_sorted_13,500000,0.02,C,1154.0200000163168,3.816650390625,0.0,10
sorting_near_sorted_14.json,sorting_near_sorted_14,500000,0.05,A,2768.4290000470355,15.605308532714844,0.0,1
sorting_near_sorted_14.json,sorting_near_sorted_14,500000,0.05,A,2723.328600055538,15.605308532714844,0.0,2
sorting_near_sorted_14.json,sorting_near_sorted_14,500000,0.05,A,2712.4475999735296,15.605308532714844,0.0,3
sorting_near_sorted_14.json,sorting_near_sorted_14,500000,0.05,A,2723.374299937859,15.605308532714844,0.0,4
sorting_near_sorted_14.json,sorting_near_sorted_14,500000,0.05,A,2734.086100012064,15.605308532714844,0.0,5
sorting_near_sorted_14.json,sorting_near_sorted_14,500000,0.05,A,2718.5133999446407,15.605308532714844,0.0,6
sorting_near_sorted_14.json,sorting_near_sorted_14,500000,0.05,A,2736.3933000015095,15.606369018554688,0.0,7
sorting_near_sorted_14.json,sorting_near_sorted_14,500000,0.05,A,2791.412900085561,15.605308532714844,0.0,8
sorting_near_sorted_14.json,sorting_near_sorted_14,500000,0.05,A,2797.100899973884,15.605308532714844,0.0,9
sorting_near_sorted_14.json,sorting_near_sorted_14,500000,0.05,A,2726.0966999456286,15.606369018554688,0.0,10
sorting_near_sorted_14.json,sorting_near_sorted_14,500000,0.05,B,9936.368499998935,13.35516357421875,0.0,1
sorting_near_sorted_14.json,sorting_near_sorted_14,500000,0.05,B,9963.44369999133,13.355010986328125,0.0,2
sorting_near_sorted_14.json,sorting_near_sorted_14,500000,0.05,B,9943.89430002775,13.355010986328125,0.0,3
sorting_near_sorted_14.json,sorting_near_sorted_14,500000,0.05,B,10012.169699999504,13.355010986328125,0.0,4
sorting_near_sorted_14.json,sorting_near_sorted_14,500000,0.05,B,9966.74509998411,13.35516357421875,0.0,5
sorting_near_sorted_14.json,sorting_near_sorted_14,500000,0.05,B,10017.816699924879,13.355010986328125,0.0,6
sorting_near_sorted_14.json,sorting_near_sorted_14,500000,0.05,B,9972.873899969272,13.355010986328125,0.0,7
sorting_near_sorted_14.json,sorting_near_sorted_14,500000,0.05,B,9929.349799989723,13.355010986328125,0.0,8
sorting_near_sorted_14.json,sorting_near_sorted_14,500000,0.05,B,9912.341800052673,13.35516357421875,0.0,9
sorting_near_sorted_14.json,sorting_near_sorted_14,500000,0.05,B,10048.001500079408,13.355010986328125,0.0,10
sorting_near_sorted_14.json,sorting_near_sorted_14,500000,0.05,C,1218.609599978663,3.8149070739746094,0.0,1
sorting_near_sorted_14.json,sorting_near_sorted_14,500000,0.05,C,1223.5940999817103,3.8149070739746094,0.0,2
sorting_near_sorted_14.json,sorting_near_sorted_14,500000,0.05,C,1215.259600081481,3.8149070739746094,0.0,3
sorting_near_sorted_14.json,sorting_near_sorted_14,500000,0.05,C,1222.4133999552578,3.816497802734375,0.0,4
sorting_near_sorted_14.json,sorting_near_sorted_14,500000,0.05,C,1192.6994000095874,3.8149070739746094,0.0,5
sorting_near_sorted_14.json,sorting_near_sorted_14,500000,0.05,C,1209.1499000089243,3.8149070739746094,0.0,6
sorting_near_sorted_14.json,sorting_near_sorted_14,500000,0.05,C,1203.1693999888375,3.8149070739746094,0.0,7
sorting_near_sorted_14.json,sorting_near_sorted_14,500000,0.05,C,1199.8002000618726,3.8149070739746094,0.0,8
sorting_near_sorted_14.json,sorting_near_sorted_14,500000,0.05,C,1199.4617999298498,3.8149070739746094,0.0,9
sorting_near_sorted_14.json,sorting_near_sorted_14,500000,0.05,C,1232.1205000625923,3.816497802734375,0.0,10
sorting_near_sorted_15.json,sorting_near_sorted_15,500000,0.1,A,2806.890600011684,15.603752136230469,0.0,1
sorting_near_sorted_15.json,sorting_near_sorted_15,500000,0.1,A,2862.4737999634817,15.603752136230469,0.0,2
sorting_near_sorted_15.json,sorting_near_sorted_15,500000,0.1,A,2900.4819999681786,15.603752136230469,0.0,3
sorting_near_sorted_15.json,sorting_near_sorted_15,500000,0.1,A,2806.349500082433,15.603752136230469,0.0,4
sorting_near_sorted_15.json,sorting_near_sorted_15,500000,0.1,A,2798.354299971834,15.603752136230469,0.0,5
sorting_near_sorted_15.json,sorting_near_sorted_15,500000,0.1,A,2821.2338000303134,15.603752136230469,0.0,6
sorting_near_sorted_15.json,sorting_near_sorted_15,500000,0.1,A,2820.905400090851,15.604812622070312,0.0,7
sorting_near_sorted_15.json,sorting_near_sorted_15,500000,0.1,A,2794.6485000429675,15.603752136230469,0.0,8
sorting_near_sorted_15.json,sorting_near_sorted_15,500000,0.1,A,2801.675399998203,15.603752136230469,0.0,9
sorting_near_sorted_15.json,sorting_near_sorted_15,500000,0.1,A,2858.709199936129,15.604812622070312,0.0,10
sorting_near_sorted_15.json,sorting_near_sorted_15,500000,0.1,B,10003.230300033465,13.355010986328125,0.0,1
sorting_near_sorted_15.json,sorting_near_sorted_15,500000,0.1,B,10007.187100010924,13.35516357421875,0.0,2
sorting_near_sorted_15.json,sorting_near_sorted_15,500000,0.1,B,9975.224199937657,13.355010986328125,0.0,3
sorting_near_sorted_15.json,sorting_near_sorted_15,500000,0.1,B,9990.35159999039,13.355010986328125,0.0,4
sorting_near_sorted_15.json,sorting_near_sorted_15,500000,0.1,B,10032.01970004011,13.355010986328125,0.0,5
sorting_near_sorted_15.json,sorting_near_sorted_15,500000,0.1,B,10034.618100035004,13.35516357421875,0.0,6
sorting_near_sorted_15.json,sorting_near_sorted_15,500000,0.1,B,9954.657300026156,13.355010986328125,0.0,7
sorting_near_sorted_15.json,sorting_near_sorted_15,500000,0.1,B,10035.904100048356,13.355010986328125,0.0,8
sorting_near_sorted_15.json,sorting_near_sorted_15,500000,0.1,B,9979.636400006711,13.355010986328125,0.0,9
sorting_near_sorted_15.json,sorting_near_sorted_15,500000,0.1,B,9940.32850000076,13.35516357421875,0.0,10
sorting_near_sorted_15.json,sorting_near_sorted_15,500000,0.1,C,1387.9717000527307,3.8149070739746094,0.0,1
sorting_near_sorted_15.json,sorting_near_sorted_15,500000,0.1,C,1396.2752000661567,3.8149070739746094,0.0,2
sorting_near_sorted_15.json,sorting_near_sorted_15,500000,0.1,C,1398.7250999780372,3.816497802734375,0.0,3
sorting_near_sorted_15.json,sorting_near_sorted_15,500000,0.1,C,1367.966299992986,3.8149070739746094,0.0,4
sorting_near_sorted_15.json,sorting_near_sorted_15,500000,0.1,C,1357.481100014411,3.8149070739746094,0.0,5
sorting_near_sorted_15.json,sorting_near_sorted_15,500000,0.1,C,1374.9798000790179,3.8149070739746094,0.0,6
sorting_near_sorted_15.json,sorting_near_sorted_15,500000,0.1,C,1367.140099988319,3.8149070739746094,0.0,7
sorting_near_sorted_15.json,sorting_near_sorted_15,500000,0.1,C,1372.7840000065044,3.8149070739746094,0.0,8
sorting_near_sorted_15.json,sorting_near_sorted_15,500000,0.1,C,1372.8010999038815,3.816497802734375,0.0,9
sorting_near_sorted_15.json,sorting_near_sorted_15,500000,0.1,C,1362.7646999666467,3.8149070739746094,0.0,10
sorting_near_sorted_2.json,sorting_near_sorted_2,1000,0.05,A,4.817200009711087,0.03391265869140625,0.0,1
sorting_near_sorted_2.json,sorting_near_sorted_2,1000,0.05,A,4.750799969770014,0.03391265869140625,0.0,2
sorting_near_sorted_2.json,sorting_near_sorted_2,1000,0.05,A,4.877300001680851,0.03391265869140625,0.0,3
sorting_near_sorted_2.json,sorting_near_sorted_2,1000,0.05,A,4.727199906483293,0.03391265869140625,0.0,4
sorting_near_sorted_2.json,sorting_near_sorted_2,1000,0.05,A,4.6168999979272485,0.03391265869140625,0.0,5
sorting_near_sorted_2.json,sorting_near_sorted_2,1000,0.05,A,4.634700017049909,0.03391265869140625,0.0,6
sorting_near_sorted_2.json,sorting_near_sorted_2,1000,0.05,A,4.628900089301169,0.03391265869140625,0.0,7
sorting_near_sorted_2.json,sorting_near_sorted_2,1000,0.05,A,4.701499943621457,0.03391265869140625,0.0,8
sorting_near_sorted_2.json,sorting_near_sorted_2,1000,0.05,A,4.926900030113757,0.03391265869140625,0.0,9
sorting_near_sorted_2.json,sorting_near_sorted_2,1000,0.05,A,4.799899994395673,0.03391265869140625,0.0,10
sorting_near_sorted_2.json,sorting_near_sorted_2,1000,0.05,B,6.743600009940565,0.02825164794921875,0.0,1
sorting_near_sorted_2.json,sorting_near_sorted_2,1000,0.05,B,6.7770000314339995,0.02825164794921875,0.0,2
sorting_near_sorted_2.json,sorting_near_sorted_2,1000,0.05,B,6.747000035829842,0.02825164794921875,0.0,3
sorting_near_sorted_2.json,sorting_near_sorted_2,1000,0.05,B,6.749600055627525,0.02825164794921875,0.0,4
sorting_near_sorted_2.json,sorting_near_sorted_2,1000,0.05,B,6.946200039237738,0.02825164794921875,0.0,5
sorting_near_sorted_2.json,sorting_near_sorted_2,1000,0.05,B,6.667500012554228,0.02825164794921875,0.0,6
sorting_near_sorted_2.json,sorting_near_sorted_2,1000,0.05,B,6.58719998318702,0.02825164794921875,0.0,7
sorting_near_sorted_2.json,sorting_near_sorted_2,1000,0.05,B,6.589800002984703,0.02825164794921875,0.0,8
sorting_near_sorted_2.json,sorting_near_sorted_2,1000,0.05,B,6.65819994173944,0.02825164794921875,0.0,9
sorting_near_sorted_2.json,sorting_near_sorted_2,1000,0.05,B,6.667000008746982,0.02825164794921875,0.0,10
sorting_near_sorted_2.json,sorting_near_sorted_2,1000,0.05,C,1.814599963836372,0.007839202880859375,0.0,1
sorting_near_sorted_2.json,sorting_near_sorted_2,1000,0.05,C,1.9325000466778874,0.007839202880859375,0.0,2
sorting_near_sorted_2.json,sorting_near_sorted_2,1000,0.05,C,1.8061000155285,0.007839202880859375,0.0,3
sorting_near_sorted_2.json,sorting_near_sorted_2,1000,0.05,C,1.940299989655614,0.007839202880859375,0.0,4
sorting_near_sorted_2.json,sorting_near_sorted_2,1000,0.05,C,1.8482999876141548,0.007839202880859375,0.0,5
sorting_near_sorted_2.json,sorting_near_sorted_2,1000,0.05,C,1.836199895478785,0.007839202880859375,0.0,6
sorting_near_sorted_2.json,sorting_near_sorted_2,1000,0.05,C,1.8245999235659838,0.007839202880859375,0.0,7
sorting_near_sorted_2.json,sorting_near_sorted_2,1000,0.05,C,1.8951999954879284,0.007839202880859375,0.0,8
sorting_near_sorted_2.json,sorting_near_sorted_2,1000,0.05,C,1.9124000100418925,0.007839202880859375,0.0,9
sorting_near_sorted_2.json,sorting_near_sorted_2,1000,0.05,C,1.881500007584691,0.007839202880859375,0.0,10
sorting_near_sorted_3.json,sorting_near_sorted_3,1000,0.1,A,4.949199967086315,0.0343170166015625,0.0,1
sorting_near_sorted_3.json,sorting_near_sorted_3,1000,0.1,A,4.777499940246344,0.0343170166015625,0.0,2
sorting_near_sorted_3.json,sorting_near_sorted_3,1000,0.1,A,4.873499972745776,0.0343170166015625,0.0,3
sorting_near_sorted_3.json,sorting_near_sorted_3,1000,0.1,A,4.835200030356646,0.0343170166015625,0.0,4
sorting_near_sorted_3.json,sorting_near_sorted_3,1000,0.1,A,4.947499954141676,0.0343170166015625,0.0,5
sorting_near_sorted_3.json,sorting_near_sorted_3,1000,0.1,A,4.860799992457032,0.0343170166015625,0.0,6
sorting_near_sorted_3.json,sorting_near_sorted_3,1000,0.1,A,4.893600009381771,0.0343170166015625,0.0,7
sorting_near_sorted_3.json,sorting_near_sorted_3,1000,0.1,A,4.788200021721423,0.0343170166015625,0.0,8
sorting_near_sorted_3.json,sorting_near_sorted_3,1000,0.1,A,4.806700046174228,0.0343170166015625,0.0,9
sorting_near_sorted_3.json,sorting_near_sorted_3,1000,0.1,A,4.9091000109910965,0.0343170166015625,0.0,10
sorting_near_sorted_3.json,sorting_near_sorted_3,1000,0.1,B,6.600300082936883,0.0282440185546875,0.0,1
sorting_near_sorted_3.json,sorting_near_sorted_3,1000,0.1,B,6.7532999673858285,0.0282440185546875,0.0,2
sorting_near_sorted_3.json,sorting_near_sorted_3,1000,0.1,B,6.7619000328704715,0.0282440185546875,0.0,3
sorting_near_sorted_3.json,sorting_near_sorted_3,1000,0.1,B,6.7770000314339995,0.0282440185546875,0.0,4
sorting_near_sorted_3.json,sorting_near_sorted_3,1000,0.1,B,6.711299996823072,0.0282440185546875,0.0,5
sorting_near_sorted_3.json,sorting_near_sorted_3,1000,0.1,B,6.691500078886747,0.0282440185546875,0.0,6
sorting_near_sorted_3.json,sorting_near_sorted_3,1000,0.1,B,6.614400073885918,0.0282440185546875,0.0,7
sorting_near_sorted_3.json,sorting_near_sorted_3,1000,0.1,B,6.72070006839931,0.0282440185546875,0.0,8
sorting_near_sorted_3.json,sorting_near_sorted_3,1000,0.1,B,6.729400018230081,0.0282440185546875,0.0,9
sorting_near_sorted_3.json,sorting_near_sorted_3,1000,0.1,B,6.681400001980364,0.0282440185546875,0.0,10
sorting_near_sorted_3.json,sorting_near_sorted_3,1000,0.1,C,2.038000035099685,0.007839202880859375,0.0,1
sorting_near_sorted_3.json,sorting_near_sorted_3,1000,0.1,C,2.02519993763417,0.007839202880859375,0.0,2
sorting_near_sorted_3.json,sorting_near_sorted_3,1000,0.1,C,2.065700013190508,0.007839202880859375,0.0,3
sorting_near_sorted_3.json,sorting_near_sorted_3,1000,0.1,C,2.0164999878033996,0.007839202880859375,0.0,4
sorting_near_sorted_3.json,sorting_near_sorted_3,1000,0.1,C,2.0765000954270363,0.007839202880859375,0.0,5
sorting_near_sorted_3.json,sorting_near_sorted_3,1000,0.1,C,2.0297999726608396,0.007839202880859375,0.0,6
sorting_near_sorted_3.json,sorting_near_sorted_3,1000,0.1,C,2.0032000029459596,0.007839202880859375,0.0,7
sorting_near_sorted_3.json,sorting_near_sorted_3,1000,0.1,C,2.016299986280501,0.007839202880859375,0.0,8
sorting_near_sorted_3.json,sorting_near_sorted_3,1000,0.1,C,2.0188000053167343,0.007839202880859375,0.0,9
sorting_near_sorted_3.json,sorting_near_sorted_3,1000,0.1,C,2.0675999112427235,0.007839202880859375,0.0,10
sorting_near_sorted_4.json,sorting_near_sorted_4,5000,0.02,A,25.19600000232458,0.1610870361328125,0.0,1
sorting_near_sorted_4.json,sorting_near_sorted_4,5000,0.02,A,25.713799986988306,0.1610870361328125,0.0,2
sorting_near_sorted_4.json,sorting_near_sorted_4,5000,0.02,A,25.44230001512915,0.1610870361328125,0.0,3
sorting_near_sorted_4.json,sorting_near_sorted_4,5000,0.02,A,25.04360000602901,0.1610870361328125,0.0,4
sorting_near_sorted_4.json,sorting_near_sorted_4,5000,0.02,A,25.54579998832196,0.1610870361328125,0.0,5
sorting_near_sorted_4.json,sorting_near_sorted_4,5000,0.02,A,25.10450000409037,0.1610870361328125,0.0,6
sorting_near_sorted_4.json,sorting_near_sorted_4,5000,0.02,A,25.21850005723536,0.1610870361328125,0.0,7
sorting_near_sorted_4.json,sorting_near_sorted_4,5000,0.02,A,25.063099921680987,0.1610870361328125,0.0,8
sorting_near_sorted_4.json,sorting_near_sorted_4,5000,0.02,A,24.934699991717935,0.1610870361328125,0.0,9
sorting_near_sorted_4.json,sorting_near_sorted_4,5000,0.02,A,25.041199987754226,0.1610870361328125,0.0,10
sorting_near_sorted_4.json,sorting_near_sorted_4,5000,0.02,B,53.057100041769445,0.13538360595703125,0.0,1
sorting_near_sorted_4.json,sorting_near_sorted_4,5000,0.02,B,53.188799996860325,0.13538360595703125,0.0,2
sorting_near_sorted_4.json,sorting_near_sorted_4,5000,0.02,B,53.22959995828569,0.13538360595703125,0.0,3
sorting_near_sorted_4.json,sorting_near_sorted_4,5000,0.02,B,53.24120004661381,0.13538360595703125,0.0,4
sorting_near_sorted_4.json,sorting_near_sorted_4,5000,0.02,B,53.02800005301833,0.13538360595703125,0.0,5
sorting_near_sorted_4.json,sorting_near_sorted_4,5000,0.02,B,53.0610999558121,0.13538360595703125,0.0,6
sorting_near_sorted_4.json,sorting_near_sorted_4,5000,0.02,B,52.317599998787045,0.13597869873046875,0.0,7
sorting_near_sorted_4.json,sorting_near_sorted_4,5000,0.02,B,54.04339998494834,0.13538360595703125,0.0,8
sorting_near_sorted_4.json,sorting_near_sorted_4,5000,0.02,B,54.21049997676164,0.13538360595703125,0.0,9
sorting_near_sorted_4.json,sorting_near_sorted_4,5000,0.02,B,53.930799942463636,0.13538360595703125,0.0,10
sorting_near_sorted_4.json,sorting_near_sorted_4,5000,0.02,C,10.726499953307211,0.038356781005859375,0.0,1
sorting_near_sorted_4.json,sorting_near_sorted_4,5000,0.02,C,10.671199997887015,0.038356781005859375,0.0,2
sorting_near_sorted_4.json,sorting_near_sorted_4,5000,0.02,C,10.619199951179326,0.038356781005859375,0.0,3
sorting_near_sorted_4.json,sorting_near_sorted_4,5000,0.02,C,10.825700010173023,0.038356781005859375,0.0,4
sorting_near_sorted_4.json,sorting_near_sorted_4,5000,0.02,C,10.720600024797022,0.038356781005859375,0.0,5
sorting_near_sorted_4.json,sorting_near_sorted_4,5000,0.02,C,10.901300003752112,0.038356781005859375,0.0,6
sorting_near_sorted_4.json,sorting_near_sorted_4,5000,0.02,C,10.930299991741776,0.038356781005859375,0.0,7
sorting_near_sorted_4.json,sorting_near_sorted_4,5000,0.02,C,10.79950004350394,0.038356781005859375,0.0,8
sorting_near_sorted_4.json,sorting_near_sorted_4,5000,0.02,C,10.772100067697465,0.038356781005859375,0.0,9
sorting_near_sorted_4.json,sorting_near_sorted_4,5000,0.02,C,11.010900023393333,0.038356781005859375,0.0,10
sorting_near_sorted_5.json,sorting_near_sorted_5,5000,0.05,A,25.28189995791763,0.1610107421875,0.0,1
sorting_near_sorted_5.json,sorting_near_sorted_5,5000,0.05,A,25.41699993889779,0.1610107421875,0.0,2
sorting_near_sorted_5.json,sorting_near_sorted_5,5000,0.05,A,25.49969998653978,0.1610107421875,0.0,3
sorting_near_sorted_5.json,sorting_near_sorted_5,5000,0.05,A,25.823900010436773,0.1610107421875,0.0,4
sorting_near_sorted_5.json,sorting_near_sorted_5,5000,0.05,A,25.5475000012666,0.1610107421875,0.0,5
sorting_near_sorted_5.json,sorting_near_sorted_5,5000,0.05,A,25.424899999052286,0.1610107421875,0.0,6
sorting_near_sorted_5.json,sorting_near_sorted_5,5000,0.05,A,25.43759997934103,0.1610107421875,0.0,7
sorting_near_sorted_5.json,sorting_near_sorted_5,5000,0.05,A,25.44340002350509,0.1610107421875,0.0,8
sorting_near_sorted_5.json,sorting_near_sorted_5,5000,0.05,A,25.454799993894994,0.1610107421875,0.0,9
sorting_near_sorted_5.json,sorting_near_sorted_5,5000,0.05,A,25.27159999590367,0.1610107421875,0.0,10
sorting_near_sorted_5.json,sorting_near_sorted_5,5000,0.05,B,53.276099963113666,0.13538360595703125,0.0,1
sorting_near_sorted_5.json,sorting_near_sorted_5,5000,0.05,B,53.76590008381754,0.13538360595703125,0.0,2
sorting_near_sorted_5.json,sorting_near_sorted_5,5000,0.05,B,53.36709995754063,0.13538360595703125,0.0,3
sorting_near_sorted_5.json,sorting_near_sorted_5,5000,0.05,B,53.110099979676306,0.13538360595703125,0.0,4
sorting_near_sorted_5.json,sorting_near_sorted_5,5000,0.05,B,53.39999997522682,0.13538360595703125,0.0,5
sorting_near_sorted_5.json,sorting_near_sorted_5,5000,0.05,B,53.16040001343936,0.13538360595703125,0.0,6
sorting_near_sorted_5.json,sorting_near_sorted_5,5000,0.05,B,53.16180002409965,0.13538360595703125,0.0,7
sorting_near_sorted_5.json,sorting_near_sorted_5,5000,0.05,B,53.68140002246946,0.13538360595703125,0.0,8
sorting_near_sorted_5.json,sorting_near_sorted_5,5000,0.05,B,53.32130007445812,0.13538360595703125,0.0,9
sorting_near_sorted_5.json,sorting_near_sorted_5,5000,0.05,B,52.99680004827678,0.13538360595703125,0.0,10
sorting_near_sorted_5.json,sorting_near_sorted_5,5000,0.05,C,11.506699956953526,0.038356781005859375,0.0,1
sorting_near_sorted_5.json,sorting_near_sorted_5,5000,0.05,C,11.415099957957864,0.038356781005859375,0.0,2
sorting_near_sorted_5.json,sorting_near_sorted_5,5000,0.05,C,11.588699999265373,0.038356781005859375,0.0,3
sorting_near_sorted_5.json,sorting_near_sorted_5,5000,0.05,C,11.699700029566884,0.038356781005859375,0.0,4
sorting_near_sorted_5.json,sorting_near_sorted_5,5000,0.05,C,11.559000005945563,0.038356781005859375,0.0,5
sorting_near_sorted_5.json,sorting_near_sorted_5,5000,0.05,C,11.474699946120381,0.038356781005859375,0.0,6
sorting_near_sorted_5.json,sorting_near_sorted_5,5000,0.05,C,11.560200015082955,0.038356781005859375,0.0,7
sorting_near_sorted_5.json,sorting_near_sorted_5,5000,0.05,C,11.544599896296859,0.038356781005859375,0.0,8
sorting_near_sorted_5.json,sorting_near_sorted_5,5000,0.05,C,11.490900069475174,0.038356781005859375,0.0,9
sorting_near_sorted_5.json,sorting_near_sorted_5,5000,0.05,C,11.606400017626584,0.038356781005859375,0.0,10
sorting_near_sorted_6.json,sorting_near_sorted_6,5000,0.1,A,25.588999968022108,0.1613311767578125,0.0,1
sorting_near_sorted_6.json,sorting_near_sorted_6,5000,0.1,A,25.46600007917732,0.1613311767578125,0.0,2
sorting_near_sorted_6.json,sorting_near_sorted_6,5000,0.1,A,25.837199995294213,0.1613311767578125,0.0,3
sorting_near_sorted_6.json,sorting_near_sorted_6,5000,0.1,A,25.731300003826618,0.1613311767578125,0.0,4
sorting_near_sorted_6.json,sorting_near_sorted_6,5000,0.1,A,25.9247999638319,0.1613311767578125,0.0,5
sorting_near_sorted_6.json,sorting_near_sorted_6,5000,0.1,A,25.727099971845746,0.1613311767578125,0.0,6
sorting_near_sorted_6.json,sorting_near_sorted_6,5000,0.1,A,25.48970002681017,0.1613311767578125,0.0,7
sorting_near_sorted_6.json,sorting_near_sorted_6,5000,0.1,A,25.649200077168643,0.1613311767578125,0.0,8
sorting_near_sorted_6.json,sorting_near_sorted_6,5000,0.1,A,25.733700022101402,0.1613311767578125,0.0,9
sorting_near_sorted_6.json,sorting_near_sorted_6,5000,0.1,A,25.89869999792427,0.1613311767578125,0.0,10
sorting_near_sorted_6.json,sorting_near_sorted_6,5000,0.1,B,53.89199999626726,0.1353759765625,0.0,1
sorting_near_sorted_6.json,sorting_near_sorted_6,5000,0.1,B,53.41900000348687,0.1353759765625,0.0,2
sorting_near_sorted_6.json,sorting_near_sorted_6,5000,0.1,B,53.679500008001924,0.1353759765625,0.0,3
sorting_near_sorted_6.json,sorting_near_sorted_6,5000,0.1,B,53.04689996410161,0.1353759765625,0.0,4
sorting_near_sorted_6.json,sorting_near_sorted_6,5000,0.1,B,53.39349992573261,0.1353759765625,0.0,5
sorting_near_sorted_6.json,sorting_near_sorted_6,5000,0.1,B,53.61750000156462,0.1353759765625,0.0,6
sorting_near_sorted_6.json,sorting_near_sorted_6,5000,0.1,B,53.3714999910444,0.1353759765625,0.0,7
sorting_near_sorted_6.json,sorting_near_sorted_6,5000,0.1,B,53.78790001850575,0.1353759765625,0.0,8
sorting_near_sorted_6.json,sorting_near_sorted_6,5000,0.1,B,53.501600050367415,0.1353759765625,0.0,9
sorting_near_sorted_6.json,sorting_near_sorted_6,5000,0.1,B,53.38789999950677,0.1353759765625,0.0,10
sorting_near_sorted_6.json,sorting_near_sorted_6,5000,0.1,C,12.871999992057681,0.038356781005859375,0.0,1
sorting_near_sorted_6.json,sorting_near_sorted_6,5000,0.1,C,12.913999962620437,0.038356781005859375,0.0,2
sorting_near_sorted_6.json,sorting_near_sorted_6,5000,0.1,C,12.969399918802083,0.038356781005859375,0.0,3
sorting_near_sorted_6.json,sorting_near_sorted_6,5000,0.1,C,12.872899998910725,0.038356781005859375,0.0,4
sorting_near_sorted_6.json,sorting_near_sorted_6,5000,0.1,C,12.886200100183487,0.038356781005859375,0.0,5
sorting_near_sorted_6.json,sorting_near_sorted_6,5000,0.1,C,12.990200077183545,0.038356781005859375,0.0,6
sorting_near_sorted_6.json,sorting_near_sorted_6,5000,0.1,C,13.163800002075732,0.038356781005859375,0.0,7
sorting_near_sorted_6.json,sorting_near_sorted_6,5000,0.1,C,12.85579998511821,0.038356781005859375,0.0,8
sorting_near_sorted_6.json,sorting_near_sorted_6,5000,0.1,C,12.852199957706034,0.038356781005859375,0.0,9
sorting_near_sorted_6.json,sorting_near_sorted_6,5000,0.1,C,12.978199985809624,0.038356781005859375,0.0,10
sorting_near_sorted_7.json,sorting_near_sorted_7,20000,0.02,A,102.89490001741797,0.63250732421875,0.0,1
sorting_near_sorted_7.json,sorting_near_sorted_7,20000,0.02,A,103.15239999908954,0.63250732421875,0.0,2
sorting_near_sorted_7.json,sorting_near_sorted_7,20000,0.02,A,103.00749994348735,0.63250732421875,0.0,3
sorting_near_sorted_7.json,sorting_near_sorted_7,20000,0.02,A,103.41759992297739,0.63250732421875,0.0,4
sorting_near_sorted_7.json,sorting_near_sorted_7,20000,0.02,A,103.80960011389107,0.63250732421875,0.0,5
sorting_near_sorted_7.json,sorting_near_sorted_7,20000,0.02,A,102.70629997830838,0.63250732421875,0.0,6
sorting_near_sorted_7.json,sorting_near_sorted_7,20000,0.02,A,102.91720007080585,0.63250732421875,0.0,7
sorting_near_sorted_7.json,sorting_near_sorted_7,20000,0.02,A,103.44770003575832,0.6337203979492188,0.0,8
sorting_near_sorted_7.json,sorting_near_sorted_7,20000,0.02,A,102.86450001876801,0.63250732421875,0.0,9
sorting_near_sorted_7.json,sorting_near_sorted_7,20000,0.02,A,106.11109994351864,0.63250732421875,0.0,10
sorting_near_sorted_7.json,sorting_near_sorted_7,20000,0.02,B,278.3742999890819,0.5361404418945312,0.0,1
sorting_near_sorted_7.json,sorting_near_sorted_7,20000,0.02,B,273.3878999715671,0.5361404418945312,0.0,2
sorting_near_sorted_7.json,sorting_near_sorted_7,20000,0.02,B,270.7261999603361,0.5361404418945312,0.0,3
sorting_near_sorted_7.json,sorting_near_sorted_7,20000,0.02,B,273.079099948518,0.5361404418945312,0.0,4
sorting_near_sorted_7.json,sorting_near_sorted_7,20000,0.02,B,281.1030999291688,0.5361404418945312,0.0,5
sorting_near_sorted_7.json,sorting_near_sorted_7,20000,0.02,B,269.77699995040894,0.5361404418945312,0.0,6
sorting_near_sorted_7.json,sorting_near_sorted_7,20000,0.02,B,282.95050002634525,0.5361404418945312,0.0,7
sorting_near_sorted_7.json,sorting_near_sorted_7,20000,0.02,B,271.13550005014986,0.5361404418945312,0.0,8
sorting_near_sorted_7.json,sorting_near_sorted_7,20000,0.02,B,271.7448000330478,0.5361404418945312,0.0,9
sorting_near_sorted_7.json,sorting_near_sorted_7,20000,0.02,B,275.15429991763085,0.5361404418945312,0.0,10
sorting_near_sorted_7.json,sorting_near_sorted_7,20000,0.02,C,44.54000003170222,0.15279769897460938,0.0,1
sorting_near_sorted_7.json,sorting_near_sorted_7,20000,0.02,C,45.010200003162026,0.15279769897460938,0.0,2
sorting_near_sorted_7.json,sorting_near_sorted_7,20000,0.02,C,44.52340002171695,0.15279769897460938,0.0,3
sorting_near_sorted_7.json,sorting_near_sorted_7,20000,0.02,C,44.632800039835274,0.15279769897460938,0.0,4
sorting_near_sorted_7.json,sorting_near_sorted_7,20000,0.02,C,44.40780007280409,0.15279769897460938,0.0,5
sorting_near_sorted_7.json,sorting_near_sorted_7,20000,0.02,C,44.51889998745173,0.15279769897460938,0.0,6
sorting_near_sorted_7.json,sorting_near_sorted_7,20000,0.02,C,44.993000105023384,0.15279769897460938,0.0,7
sorting_near_sorted_7.json,sorting_near_sorted_7,20000,0.02,C,44.67440000735223,0.15279769897460938,0.0,8
sorting_near_sorted_7.json,sorting_near_sorted_7,20000,0.02,C,44.503599987365305,0.15279769897460938,0.0,9
sorting_near_sorted_7.json,sorting_near_sorted_7,20000,0.02,C,44.77599996607751,0.15279769897460938,0.0,10
sorting_near_sorted_8.json,sorting_near_sorted_8,20000,0.05,A,104.15370005648583,0.6328659057617188,0.0,1
sorting_near_sorted_8.json,sorting_near_sorted_8,20000,0.05,A,105.43240001425147,0.6328659057617188,0.0,2
sorting_near_sorted_8.json,sorting_near_sorted_8,20000,0.05,A,103.81369991227984,0.6328659057617188,0.0,3
sorting_near_sorted_8.json,sorting_near_sorted_8,20000,0.05,A,104.53490004874766,0.6328659057617188,0.0,4
sorting_near_sorted_8.json,sorting_near_sorted_8,20000,0.05,A,104.09260005690157,0.6328659057617188,0.0,5
sorting_near_sorted_8.json,sorting_near_sorted_8,20000,0.05,A,104.1937000118196,0.6328659057617188,0.0,6
sorting_near_sorted_8.json,sorting_near_sorted_8,20000,0.05,A,103.56179997324944,0.6328659057617188,0.0,7
sorting_near_sorted_8.json,sorting_near_sorted_8,20000,0.05,A,104.43329997360706,0.6328659057617188,0.0,8
sorting_near_sorted_8.json,sorting_near_sorted_8,20000,0.05,A,103.54770009871572,0.6328659057617188,0.0,9
sorting_near_sorted_8.json,sorting_near_sorted_8,20000,0.05,A,103.82399999070913,0.6328659057617188,0.0,10
sorting_near_sorted_8.json,sorting_near_sorted_8,20000,0.05,B,277.145600062795,0.5361404418945312,0.0,1
sorting_near_sorted_8.json,sorting_near_sorted_8,20000,0.05,B,277.85319997929037,0.5361404418945312,0.0,2
sorting_near_sorted_8.json,sorting_near_sorted_8,20000,0.05,B,279.0245999349281,0.5361404418945312,0.0,3
sorting_near_sorted_8.json,sorting_near_sorted_8,20000,0.05,B,281.2053000088781,0.5361404418945312,0.0,4
sorting_near_sorted_8.json,sorting_near_sorted_8,20000,0.05,B,277.78200001921505,0.5361404418945312,0.0,5
sorting_near_sorted_8.json,sorting_near_sorted_8,20000,0.05,B,277.463800041005,0.5361404418945312,0.0,6
sorting_near_sorted_8.json,sorting_near_sorted_8,20000,0.05,B,274.73389997612685,0.537200927734375,0.0,7
sorting_near_sorted_8.json,sorting_near_sorted_8,20000,0.05,B,281.3892000121996,0.5361404418945312,0.0,8
sorting_near_sorted_8.json,sorting_near_sorted_8,20000,0.05,B,276.34059998672456,0.5361404418945312,0.0,9
sorting_near_sorted_8.json,sorting_near_sorted_8,20000,0.05,B,299.3214000016451,0.5361404418945312,0.0,10
sorting_near_sorted_8.json,sorting_near_sorted_8,20000,0.05,C,47.81669995281845,0.15279769897460938,0.0,1
sorting_near_sorted_8.json,sorting_near_sorted_8,20000,0.05,C,49.591299961321056,0.15279769897460938,0.0,2
sorting_near_sorted_8.json,sorting_near_sorted_8,20000,0.05,C,48.31040010321885,0.15279769897460938,0.0,3
sorting_near_sorted_8.json,sorting_near_sorted_8,20000,0.05,C,50.78400007914752,0.15279769897460938,0.0,4
sorting_near_sorted_8.json,sorting_near_sorted_8,20000,0.05,C,49.0203999215737,0.15279769897460938,0.0,5
sorting_near_sorted_8.json,sorting_near_sorted_8,20000,0.05,C,48.538099974393845,0.15279769897460938,0.0,6
sorting_near_sorted_8.json,sorting_near_sorted_8,20000,0.05,C,48.39649994391948,0.15279769897460938,0.0,7
sorting_near_sorted_8.json,sorting_near_sorted_8,20000,0.05,C,49.91339996922761,0.15279769897460938,0.0,8
sorting_near_sorted_8.json,sorting_near_sorted_8,20000,0.05,C,47.72079992108047,0.15279769897460938,0.0,9
sorting_near_sorted_8.json,sorting_near_sorted_8,20000,0.05,C,47.819499974139035,0.15279769897460938,0.0,10
sorting_near_sorted_9.json,sorting_near_sorted_9,20000,0.1,A,105.30250007286668,0.6328125,0.0,1
sorting_near_sorted_9.json,sorting_near_sorted_9,20000,0.1,A,105.37090001162142,0.6328125,0.0,2
sorting_near_sorted_9.json,sorting_near_sorted_9,20000,0.1,A,105.77919997740537,0.6328125,0.0,3
sorting_near_sorted_9.json,sorting_near_sorted_9,20000,0.1,A,106.21280001942068,0.6328125,0.0,4
sorting_near_sorted_9.json,sorting_near_sorted_9,20000,0.1,A,105.12099997140467,0.6328125,0.0,5
sorting_near_sorted_9.json,sorting_near_sorted_9,20000,0.1,A,105.3037999663502,0.6328125,0.0,6
sorting_near_sorted_9.json,sorting_near_sorted_9,20000,0.1,A,105.2962999092415,0.6328125,0.0,7
sorting_near_sorted_9.json,sorting_near_sorted_9,20000,0.1,A,105.39530008099973,0.6328125,0.0,8
sorting_near_sorted_9.json,sorting_near_sorted_9,20000,0.1,A,105.78660003375262,0.6328125,0.0,9
sorting_near_sorted_9.json,sorting_near_sorted_9,20000,0.1,A,106.65329999756068,0.6328125,0.0,10
sorting_near_sorted_9.json,sorting_near_sorted_9,20000,0.1,B,271.71420003287494,0.5361404418945312,0.0,1
sorting_near_sorted_9.json,sorting_near_sorted_9,20000,0.1,B,271.1207000538707,0.5361404418945312,0.0,2
sorting_near_sorted_9.json,sorting_near_sorted_9,20000,0.1,B,272.87599991541356,0.5361404418945312,0.0,3
sorting_near_sorted_9.json,sorting_near_sorted_9,20000,0.1,B,274.21430009417236,0.5361404418945312,0.0,4
sorting_near_sorted_9.json,sorting_near_sorted_9,20000,0.1,B,271.31340000778437,0.5361404418945312,0.0,5
sorting_near_sorted_9.json,sorting_near_sorted_9,20000,0.1,B,271.85810008086264,0.5361404418945312,0.0,6
sorting_near_sorted_9.json,sorting_near_sorted_9,20000,0.1,B,273.8755999598652,0.5361404418945312,0.0,7
sorting_near_sorted_9.json,sorting_near_sorted_9,20000,0.1,B,271.6070000315085,0.5361404418945312,0.0,8
sorting_near_sorted_9.json,sorting_near_sorted_9,20000,0.1,B,271.39300003182143,0.5361404418945312,0.0,9
sorting_near_sorted_9.json,sorting_near_sorted_9,20000,0.1,B,269.7821999900043,0.5361404418945312,0.0,10
sorting_near_sorted_9.json,sorting_near_sorted_9,20000,0.1,C,53.483900032006204,0.15279769897460938,0.0,1
sorting_near_sorted_9.json,sorting_near_sorted_9,20000,0.1,C,53.53589996229857,0.15279769897460938,0.0,2
sorting_near_sorted_9.json,sorting_near_sorted_9,20000,0.1,C,53.41579997912049,0.15279769897460938,0.0,3
sorting_near_sorted_9.json,sorting_near_sorted_9,20000,0.1,C,53.37370000779629,0.15279769897460938,0.0,4
sorting_near_sorted_9.json,sorting_near_sorted_9,20000,0.1,C,53.29149996396154,0.15279769897460938,0.0,5
sorting_near_sorted_9.json,sorting_near_sorted_9,20000,0.1,C,53.212599945254624,0.15279769897460938,0.0,6
sorting_near_sorted_9.json,sorting_near_sorted_9,20000,0.1,C,53.60989994369447,0.15279769897460938,0.0,7
sorting_near_sorted_9.json,sorting_near_sorted_9,20000,0.1,C,53.60309989191592,0.15279769897460938,0.0,8
sorting_near_sorted_9.json,sorting_near_sorted_9,20000,0.1,C,53.50050004199147,0.15279769897460938,0.0,9
sorting_near_sorted_9.json,sorting_near_sorted_9,20000,0.1,C,53.6013999953866,0.15279769897460938,0.0,10
